{
  "project_info": {
    "project_number": "503072319192",
    "firebase_url": "https://safewalk-7e852-default-rtdb.asia-southeast1.firebasedatabase.app",
    "project_id": "safewalk-7e852",
    "storage_bucket": "safewalk-7e852.firebasestorage.app"
  },
  "client": [
    {
      "client_info": {
        "mobilesdk_app_id": "1:503072319192:android:a476952bde1366546b19ad",
        "android_client_info": {
          "package_name": "com.mycompany.safewalk"
        }
      },
      "oauth_client": [
        {
          "client_id": "503072319192-tu2ehqcc8j17lehnbo4lgkhpqt7ts0f6.apps.googleusercontent.com",
          "client_type": 1,
          "android_info": {
            "package_name": "com.mycompany.safewalk",
            "certificate_hash": "9bbb3186b2189ef16d8f272bdab59362c395cbb4"
          }
        },
        {
          "client_id": "503072319192-5c47uahjl3l7r7ljn4bsg77v7f6v835r.apps.googleusercontent.com",
          "client_type": 3
        }
      ],
      "api_key": [
        {
          "current_key": "AIzaSyD3vS_sjNtAvEIIaS2xgXdKNJyAIh7Lalw"
        }
      ],
      "services": {
        "appinvite_service": {
          "other_platform_oauth_client": [
            {
              "client_id": "503072319192-5c47uahjl3l7r7ljn4bsg77v7f6v835r.apps.googleusercontent.com",
              "client_type": 3
            },
            {
              "client_id": "503072319192-qiu8f60io5903d8f63oe32djs45mf4fg.apps.googleusercontent.com",
              "client_type": 2,
              "ios_info": {
                "bundle_id": "com.mycompany.safewalk"
              }
            }
          ]
        }
      }
    }
  ],
  "configuration_version": "1"
}